{
    "Logistic Regression": {
        "Accuracy": 0.7402413058907026,
        "Precision": 0.5067796610169492,
        "Recall": 0.7994652406417112,
        "F1-Score": 0.6203319502074689,
        "ROC-AUC": 0.8449068692035443,
        "Specificity": 0.7188405797101449,
        "CV_Mean": 0.8359463811637724,
        "CV_Std": 0.030821800716767767,
        "TN": 744.0,
        "FP": 291.0,
        "FN": 75.0,
        "TP": 299.0,
        "AUC": 0.8449068692035443
    },
    "Random Forest": {
        "Accuracy": 0.772888573456352,
        "Precision": 0.5557851239669421,
        "Recall": 0.7192513368983957,
        "F1-Score": 0.627039627039627,
        "ROC-AUC": 0.8386240925882869,
        "Specificity": 0.7922705314009661,
        "CV_Mean": 0.8278316577447011,
        "CV_Std": 0.02467023364824045,
        "TN": 820.0,
        "FP": 215.0,
        "FN": 105.0,
        "TP": 269.0,
        "AUC": 0.8386240925882869
    }
}